ErrorRate,Features,Selector
0.6348314606741573,ground,BIC
0.6292134831460674,ground,CV
0.6235955056179775,ground,DIC
0.6348314606741573,norm,BIC
0.6179775280898876,norm,CV
0.6629213483146067,norm,DIC
0.6179775280898876,polar,BIC
0.550561797752809,polar,CV
0.651685393258427,polar,DIC
0.6235955056179775,delta,BIC
0.5955056179775281,delta,CV
0.6348314606741573,delta,DIC
1.0,custom,BIC
1.0,custom,CV
1.0,custom,DIC
